INPUT:text	OUTPUT:category	CONFIDENCE:category	
На суде он свою вину отрицал , факты у обвинения не сходились , о заказчиках и посредниках и речи в зале заседаний не было .	[5]	100.00%	
Чтобы Украину не взяли в НАТО и в Евросоюз ?	[1]	100.00%	
Все это было свежо и ярко , много ярче , чем в обычной жизни .	[3]	100.00%	
Японский центр в Нижнем Новгороде открылся в прошлом месяце .	[1]	100.00%	
Я довольно активно участвую в борьбе за военную реформу и переход к контрактной армии .	[2]	100.00%	
Бухгалтеры звонят в редакцию и просят выяснить позицию фискалов .	[2]	100.00%	
Он молодец , он этот ресурс накопил и использует .	[2]	100.00%	
Причем в этом случае торговцы заложат в стоимость и свои убытки за прошлый период .	[2]	100.00%	
Это была вторая поездка дяди и племянника в Дуплянку .	[1]	100.00%	
Тему астматиков громко обсуждали , в основном в кулуарах , еще на стыке веков .	[4]	100.00%	
Решение участвовать в выборах в Мосгордуму , а потом отказ от участия в них .	[2]	100.00%	
Впрочем , сегодня уже как в МИДе , так и в самом Кремле стараются не употреблять этот эзопов язык .	[4]	100.00%	
Он бы устранил , конечно , постепенно всех - и Маленкова , и Хрущёва .	[3]	100.00%	
Он видел и не такие лица - по выражению .	[1]	100.00%	
И сейчас архиважно - не дать себя вовлечь в демагогическую суету и пустопорожние словопрения .	[7]	100.00%	
Все эти обстоятельства , как и многие другие , наложили отпечаток на начавшиеся в 1991 году реформы , призванные вторично возродить в России капитализм .	[5]	100.00%	
"В результате в "" Возвращении короля "" кадров с компьютерными эффектами оказалось 1490 - больше , чем в первом и втором фильмах вместе взятых ."	[5]	100.00%	
Упор в стратегии итальянских коммунистов делался на демократическое общество западных стран через активную работу в массах и общественных организациях и расширение парламентской группы в законодательном органе власти , т. е. проводилась широкая политика союзов .	[7]	100.00%	
К середине 1942 года англичане , несмотря на ряд неудач , полностью нарушают морское сообщение между Италией и итальянскими войсками в Ливии и Египте .	[4]	100.00%	
Ничего нового не открыл и именем своим не назвал .	[1]	100.00%	
Предчувствие им подсказывало , что и это не предел .	[1]	100.00%	
Однако командование немецких ВМС и сухопутных сил , ссылаясь на мощь британского флота и отсутствие у вермахта опыта десантных операций , требует от ВВС вначале обеспечить господство в воздухе .	[6]	100.00%	
По дорогам тянулись обозы , грузно сворачивая с дороги к переездам , и с бешено несущегося поезда казалось , что возы стоят не двигаясь , а лошади подымают и опускают ноги на одном месте .	[7]	100.00%	
Больше мы золота в лыжных дисциплинах не взяли и боролись лишь за полудрагоценные металлы .	[3]	100.00%	
"Если суд действительно независим , судебная система и сама прекрасно справляется с защитой прав и интересов , в том числе бизнеса , и необходимости в фигуре "" уполномоченного по защите прав предпринимателей "" нет ."	[7]	100.00%	
Совершенно очищенные листы погружают на час времени в расплавленное сало ; потом на 11/2 часа _ в расплавленное ( не совершенно чистое ) олово .	[7]	100.00%	
Экономист Мовчан всерьез считает , что спасти еврозону в нынешнем виде не получится , и лет через пять там останутся сильные экономики - такие как Германия и страны Бенилюкса .	[5]	100.00%	
Тактика - это соглашение о перемирии , несомненный позитив которого в приостановке маховика убийства и уничтожения элементарных условий выживания людей в зоне боевых действий .	[6]	100.00%	
Уже сейчас поступает обильная информация о природных ресурсах и окружающей среде с бортовых многоспектральных устройств и фотокамер , устанавливаемых на пилотируемых и автоматических аппаратах .	[6]	100.00%	
Если победят те силы , которые говорят , что мы в кольце врагов , что Запад постоянно строит нам козни , и даже ближайшие соседи превращаются в недругов , то выбран будет сценарий мобилизации .	[7]	100.00%	
Разрыв этот в последнее время не только не сократился , но и продолжает углубляться .	[3]	100.00%	
Сейчас единства в этом вопросе в России не существует .	[1]	100.00%	
"Не вдаваясь в детали критики советником политики ЦБ ( это отдельная тема ) , приведу мнение специалиста по макроэкономике Константина Сонина : "" Познания Глазьева в области экономической науки и реальной экономики очень малы ."	[7]	100.00%	
Особого впечатления он на меня не произвел , но я захотела и другого кино .	[3]	100.00%	
Об этом и думал , засыпая , маленький Павлов , и сны были у него деловые , практические и потому не доставляли настоящего отдыха .	[6]	100.00%	
Они вернулись к антагонизму советского периода , когда стали сворачиваться достижения перестройки внутри страны и были открыто заявлены претензии на сферы влияния на территории распавшейся империи и на возрождение роли сверхдержавы в мировых делах .	[6]	100.00%	
Увидишь ты не одну когорту в Ершалаиме , нет !	[5]	100.00%	
Больные и раненые из-за отсутствия коек лежали на полу .	[2]	100.00%	
Хотя в паспорте и записано , что выработка энергии начинается при ветре 3 метра в секунду , реально это происходит только с 5 м/с .	[5]	100.00%	
Президент Молдавии Владимир Воронин , комментируя вопрос о предоставлении Приднестровью самой широкой автономии в составе Молдавии , заявил , что проект такого статуса уже разработан и будет обнародован , когда в этом будет необходимость .	[7]	100.00%	
Заведения эти в Великобритании связаны с ней самым непосредственным образом , в каждой из них непременно висят фотографии королевы и ее посещений этого учреждения .	[4]	100.00%	
Управляя потоком нейтронов , можно балансировать между взрывом и остановкой реактора - с этой целью в реактор добавляют замедлитель , отражатель и контрольные стержни .	[7]	100.00%	
Держа в руках нож , острие которого было направлено в нежную тушу Крэка , он застыл метрах в семи .	[5]	100.00%	
И , кроме всего прочего , тут подогреваются финансовые аппетиты всех , кого только можно , - и военного руководства НАТО и России , и оборонно - промышленного комплекса .	[6]	100.00%	
Религия требует веры в чудеса и другие сверхъестественные явления .	[3]	100.00%	
Тут он не выдержал , развернулся и побежал вверх .	[2]	100.00%	
Мир прямо сейчас делится на тех , кто успевает войти в поток ускоренных изменений , и на вечных лузеров .	[1]	100.00%	
Другие известные в настоящее время места произрастания осмунды , расположенные ближе всего к Припятскому Полесью , находятся в Польше - в 200 - 500 км на юго-запад от него .	[5]	100.00%	
Меня пугает , что мы входим в системный конфликт между гражданским обществом и режимом .	[4]	100.00%	
Даже если бы они попали в Институт хирургии им. А. В. Вишневского , МНИИ скорой помощи и в другие мощные лечебные центры , и то эти учреждения задохнулись бы .	[5]	100.00%	
По части организации и управления они явно не сильны .	[2]	100.00%	
"Нужно , чтобы в сериалах появлялись паллиативные пациенты , инвалиды , и если герой фильма попал в больницу , там врач спрашивал бы его "" насколько у вас болит по шкале боли ? "" ."	[6]	100.00%	
В числе аспирантов были и сыновья Солженицына - Ермолай и Степан , да и сам Исаевич приезжал порой посмотреть на это чудо в штате Вермонт и даже там выступал .	[6]	100.00%	
Самые мистические детали - ротор и автомат перекоса , как раз и обеспечивающие вертолету способность двигаться в любом направлении .	[5]	100.00%	
Поэтому инаугурация в России - это холодная качественная телетрансляция , огромные машины с мигалками , одиноко идущий человек и величие Кремля , не имеющее к этому человеку никакого отношения .	[6]	100.00%	
Здесь есть и свои Шиловы , и Церетели , и даже свои Ван Гоги .	[3]	100.00%	
Вика накрутила на палец кончик косы и уставилась в тетрадь - все шло неправильно .	[3]	100.00%	
Там была и какая-то личная драма , о чем можно догадываться , но в конце 1991 года Семен попросил Антония постричь его в монахи .	[5]	100.00%	
"Хотя , скажем , в Индии любая девочка и в пяти - _ и в двенадцатилетнем возрасте на вопрос о своем будущем дает , как правило , единственный ответ - "" буду женой "" ."	[5]	100.00%	
Вопросами психологии и поведения людей и животных занимались ещё Аристотель , Хризипп , Сократ и Платон , однако серьёзное научное изучение поведения стало возможно лишь с созданием эволюционного учения .	[5]	100.00%	
Между тем , если СМИ иногда и производят впечатление столь могущественного средства , то это скорее потому , что они хорошо улавливают те течения , которые имеются в общественном мнении , и подыгрывают им .	[7]	100.00%	
То и дело перед его мысленным взором вставали шланги , пружины и распылители воды .	[3]	100.00%	
Допустимо , наконец , что он использовал выражение неоднократно , а все отправленные им в Лондон ученики сочли своим долгом приехать затем в Женеву и подробно об этом рассказать .	[6]	100.00%	
В Европе наркотики и шприцы выдаются только наркоманам , и весь процесс жестко контролируется .	[3]	100.00%	
Законодательство запрещает выборы и иные голосования в условиях чрезвычайного положения , ибо в этих условиях невозможно обеспечить свободу волеизъявления .	[6]	100.00%	
Достаточно , мол , добросовестно следовать ее букве и духу , чтобы обеспечить свободную политическую конкуренцию и сменяемость власти в соответствии с народным волеизъявлением .	[6]	100.00%	
Однако именно он в 1940 году отправился из Нью-Йорка в Марсель спасать европейскую интеллигенцию .	[3]	100.00%	
Шайки возникали и исчезали , потому что МГБ и МВД в те годы не церемонились и доказательства вины в конце 40-х и в начале 50-х им были не нужны .	[7]	100.00%	
У Путина против Навального была ложная и ущербная аргументация , что тот уголовник и за ним никто не стоит .	[4]	100.00%	
Как и в Москве за год до этого , женщины и дети постарше отправлялись копать окопы и противотанковые рвы .	[3]	100.00%	
Возвращаемся в блок обитаемых отсеков , пересекаем салон и вновь попадаем в коридор , куда входили из бокового люка .	[5]	100.00%	
Эта история так и осталась не более чем слухом .	[1]	100.00%	
Преодолев проблемы неэффективности брендинга и негибкости сетевых структур путем создания трендов и трансструктур , вовлекающих креативных потребителей , ГПК создал и гламурные финансы , решившие проблему неликвидности виртуальных денег .	[7]	100.00%	
Вместо него все тем же публичным уроком воскрешен в каждом журналисте личный внутренний цензор , а этот парень и умней , и тактичней Главлита .	[5]	100.00%	
Каждый человек рождается и умирает в своем энергетическом поле .	[1]	100.00%	
Граф угодил в лагерь за участие в одном из заговоров против Гитлера , коммунист уже сидел там с конца тридцатых , и они подружились .	[3]	100.00%	
Дополнительно в сравнении с первоначальным прогнозом не нефтяные поступления в бюджет в 2010 году составят примерно 700 миллиардов рублей .	[3]	100.00%	
Конечно , к императорам это не относилось , они получали шапку по праву рождения и брали ее в свой час легко ( в идеале .	[4]	100.00%	
Во взводе были и молодые солдаты , и опытные .	[2]	100.00%	
Однако при жизни Гесса химия так и не стала обязательным учебным предметом в гимназиях .	[3]	100.00%	
В нашей стране многие уверены в том , что Соединенные Штаты и Запад в целом - вековечные ненавистники России .	[3]	100.00%	
Человек был не старый , не болел ни болезнями легких , ни диабетом , ни , тьфу-тьфу , постучим , онкологией , и беспокоился не за себя , а только за свою восьмидесятилетнюю мать .	[7]	100.00%	
"Якобы это он написал Алексею Каплеру в "" Кинопанораму "" письмо с замечанием , мол , не сиди в кресле - осанки не видно ."	[4]	100.00%	
"Они напомнили , что в положении о распределении машин в текущем году говорится о живой очереди без подставных лиц и "" мертвых душ "" ."	[6]	100.00%	
Сегодня в России роль и значение СМИ часто преувеличивают .	[1]	100.00%	
Ничего особенного : ходили же в расшитых камзолах и платьях до полу с корсетами и декольте , а теперь носят брюки , шорты , майки , свитера и пиджаки .	[7]	100.00%	
И одна из важнейших задач для нашей страны - поддерживать обороноспособность на необходимом уровне , но _ не в ущерб социальной сфере , инвестициям в экономическое развитие , в науку , культуру , образование …	[5]	100.00%	
Здесь есть стандартные методы исследования , то есть это фактически та же самая методика накачки и зондирования , о которой я говорил , только она уже в 80-е годы эволюционировала вплоть до единиц фемтосекунд .	[7]	100.00%	
Да и вертикаль власти скрутилась в диковинную геометрическую фигуру , в закоулках которой концов днем с огнем не сыскать .	[6]	100.00%	
Маленький принц никак не мог понять , для чего на крохотной , затерявшейся в небе планетке , где нет ни домов , ни жителей , нужны фонарь и фонарщик .	[2]	100.00%	
"В 4 часа 45 минут прибывший в Данциг с дружеским визитом и с воодушевлением встреченный местным населением немецкий учебный корабль - устаревший броненосец "" Шлезвиг-Гольштейн "" - открыл огонь по польским укреплениям на Вестерплатте ."	[7]	100.00%	
Когда я вернулся в расположение своего госпиталя , то обнаружил , что мое место занято другим добровольцем , которого я раньше и не знал .	[4]	100.00%	
Немецкие ВВС и ВМС совершают систематические нападения на английские корабли и конвои в Ла-Манше .	[2]	100.00%	
У нас не наберется и 1 тыс . человек .	[1]	100.00%	
На том , что Путин , Дума , а теперь и Медведев избраны в соответствии с легитимной процедурой и победили в ходе честной конкуренции ?	[6]	100.00%	
Ужасно не хотели им звонить - их и так было много , и квартира вызывала подозрения у соседей : что у них там происходит ?	[5]	100.00%	
Стук в дверь - там-там-та-та-та , и на пороге - она ! - без маски , перчаток и шапочки .	[3]	99.99%	
"И в этих условиях важнейшей сферой , где "" имидж "" России может оставаться позитивным , является социокультурное взаимодействие , основанное на расширении и укреплении культурных и научных связей ."	[5]	100.00%	
В настоящий момент живу в общежитии ЛШЭ в десяти минутах ходьбы от кампуса , что не может не радовать .	[3]	100.00%	
Повысить эффективность функционирования единой системы образования , начиная с детских садов и без ограничения верхнего предела , обеспечивающего оптимальное решение текущих и перспективных научных , политических , экономических , военных и социальных задач государства .	[7]	100.00%	
Они умеют работать и с одаренными детьми , и с детьми с особенностями развития .	[4]	100.00%	
"Все это сошлось , и "" пищевка "" стала первым локомотивом петербургской экономики в новейшую эпоху , первым в городе примером удачной крупномасштабной модернизации ."	[5]	100.00%	
По словам местных властей , японцы обратились к врачу отеля с жалобами на рвоту и диарею , после чего и были отправлены в больницу .	[4]	100.00%	
Большую роль в подготовке и проведении форума сыграли многочисленные международные и национальные научные организации .	[3]	100.00%	
Счастье это было в друзьях и учителях , в тех газетах и журналах , где я работал и работаю .	[6]	100.00%	
Наше место как раз в группе МИФИ и МИСиС .	[1]	100.00%	
Один толстячок Леонтий вел себя не в меру истерично : он подскакивал и все время кричал , что он теперь еще больше жить хочет …	[6]	100.00%	
"Используя "" бутерброды "" из различных оксидов , в отдельности являющихся диэлектриками , ученые смогли получить структуры , которые вели себя как металлы и даже сверхпроводники , - в зависимости от текущей комбинации слоев ."	[6]	100.00%	
Уже примерно на протяжении 50 лет вложения в человека в развитых странах превышают вложения в оборудование , в недвижимость .	[3]	100.00%	
Тогда и разводов было гораздо меньше , и женщин на производстве - тоже меньше .	[4]	100.00%	
Один освобождал страну , другой давил танками Будапешт и Новочеркасск и строил Берлинскую стену .	[4]	100.00%	
Энергичным итальянским движением женщина ткнула в плакат пальцем , и я увидел на нем мелкое примечание , упоминавшее в непонятном мне контексте 800 лир .	[6]	100.00%	
Поэтому и Верховный Совет в целом , и Съезд народных депутатов СССР должны иметь эффективные механизмы экспертизы , чтобы избежать появления нового ведомственного диктата .	[6]	100.00%	
В 2002 - 2003 годах Юрий Щекочихин получал анонимные звонки с угрозами - как в свой адрес , так и в адрес своего сына .	[3]	100.00%	
Крупный бизнес сейчас опутан полностью и административными , и политическими , и прочими барьерами .	[4]	100.00%	
Краны на кухне , в ванной уже даже не сипели , превратились в воспоминание .	[4]	100.00%	
Грузия готова сотрудничать в военной сфере с Россией и любой другой страной так же , как и с США .	[3]	100.00%	
Сегодня ведь очевидно , что комсомол оказался не готов к тому , чтобы ориентироваться и действовать ни в сложных условиях обострения межнациональных отношений , ни в острых социальных ситуациях .	[6]	100.00%	
Впрочем , в Минобороны России информацию об отправке в Афганистан российских десантников не подтвердили .	[2]	100.00%	
"Основой этого проекта являются договоры о сотрудничестве университета , подписанные с указанными газетами , и положение по осуществлению непрерывной практики по специальности "" журналистика "" , разработанное университетом и согласованное с редакциями периодических изданий ."	[7]	100.00%	
Виноват не дефицит природных ресурсов и не экологические катастрофы .	[3]	100.00%	
Более продуктивной ( и общепринятой ) точкой зрения является взгляд на эту книгу , как на источник записей купца о местах для покупки товаров , маршрутах их продвижения и обстоятельствах жизни в этих странах .	[6]	100.00%	
Практически это единственная живая школа в мире : она насчитывает больше тысячи лет и не прерывалась все это время ( за исключением периода с 1945 по 1949 годы ) .	[4]	100.00%	
Он поднял голову и окинул с возвышения осенние пустыри и главы монастыря отсутствующим взором .	[3]	100.00%	
Я , например , в Америке не слышал публичных и длящихся дискуссий между министром и премьер-министром о ставке налога .	[5]	100.00%	
Есть и еще один момент в пользу таких сооружений .	[1]	100.00%	
Наконец , уже упоминались в предыдущих текстах и другие внешние факторы , вроде цен на углеводороды и т. п .	[5]	100.00%	
И насколько все легко и просто кидаются в разговоры о родах , в воспоминания об этом , настолько же все отодвигаются от темы умирания .	[5]	100.00%	
Те три спектакля , о которых я веду речь , объединяет тема - не просто о жизни на чужбине , а касающаяся в более широком смысле свободы и неволи .	[5]	100.00%	
Много работало комиссий - и внешних , и университетских .	[2]	100.00%	
Почему сельскохозяйственная земля выросла в цене в 20 раз ?	[1]	100.00%	
Ты не можешь даже и думать о чем-нибудь и мечтаешь только о том , чтобы пришла твоя собака , единственное , по-видимому , существо , к которому ты привязан .	[6]	100.00%	
Они раскрывались поутру в траве и под вечер увядали .	[2]	100.00%	
"Состязания в абстрактных играх , прежде всего в шахматах и шашках , возможно проводить "" не видя партнера "" , когда соперники находятся на значительном расстоянии друг от друга ."	[6]	100.00%	
Причем уровень насилия в стране нарастал в геометрической прогрессии .	[2]	100.00%	
Дальнейшее проникновение в глубь земли отложили еще на год .	[1]	100.00%	
Однако многие говорили и о пробелах , которые есть в законопроекте о местном самоуправлении .	[4]	100.00%	
Он закончил экономический факультет Политехнического института в Петербурге в 1906 году и одновременно экстерном _ юридический факультет Петербургского университета .	[4]	100.00%	
Юноша не выдержал издевательств - и выпрыгнул из окна .	[3]	99.99%	
"Вот что он написал об этом в своей книге "" Дорога в Австралию "" ."	[1]	100.00%	
"Бедные девочки из моей университетской группы ходили со стипендии в "" Норд "" ( популярное кондитерское кафе в Ленинграде ) и больше всего ценили что угодно со взбитыми сливками ."	[6]	100.00%	
Первые мормонские поселенцы называли себя пионерами , а их потомки в 1901-м и в 1933-м годах соответственно объединились в две организации - Дочери пионеров Юты и Сыновья пионеров Юты .	[5]	100.00%	
Они были подвижны и катились всегда в одну сторону .	[1]	100.00%	
Остальные возможные претенденты и вовсе аполитичны и не причисляют себя ни к одной партии .	[3]	100.00%	
Создание такой среды , какая сложилась в начале XX века в Геттингене в Германии не искусственным образом , а самозарождением , обладающим неким полюсом притяжения , явилось одним из существенных факторов ускорения этого процесса .	[6]	100.00%	
Если государство будет отнимать и делить , то неизбежно придется возродить Госплан и Госснаб ?	[3]	100.00%	
Помню , однажды он поехал в Москву за двухъярусной кроватью для меня и сестры .	[2]	100.00%	
Оборонительные реакции возникают в ответ на внешние стимулы и могут быть активными , вплоть до нападения , или пассивными .	[5]	99.99%	
Она росла в Таджикистане , откуда Казахстан казался золотым краем , и дядя только после многих лет мытарств во время гражданской войны сумел вывезти семью в Германию к деду .	[6]	100.00%	
Да и сам Дмитрий Анатольевич тихо сновал по кремлевским коридорам и ни о какой борьбе с коррупцией не помышлял .	[3]	100.00%	
Не только сотрудничать с образовательными учреждениями и ставить перед ними задачи по подготовке специалистов , но и взять на себя определенную долю участия в работе со студентами факультетов журналистики .	[7]	100.00%	
Здесь не мелочатся и не предупреждают ни о чем : орднунг - это религия .	[4]	100.00%	
К сожалению , не исключена возможность возникновения фирм - однодневок , которые , собрав с родителей деньги и пуповинную кровь , в один момент могут скрыться в неизвестном направлении .	[6]	100.00%	
Тут Дума и президент спохватились и вспомнили о светскости .	[2]	100.00%	
Ребята , которые посмелей , конечно , уехали на крышах и на подножках , а я не могла так …	[3]	100.00%	
Из одной очереди вышел , тут же надо вставать в другую , потом в третью , четвёртую и т. д.	[3]	100.00%	
Предали Наджибуллу , который практически контролировал ситуацию в Афганистане , прекратив ему поставки горючего и боеприпасов , в то время как американцы через Пакистан продолжали это делать в полном объеме , несмотря на договоренности .	[6]	100.00%	
И если так , то фаталист Гордон , облаченный в британские армейские брюки и в египетскую феску , - один из главных ее героев .	[5]	100.00%	
Она уложила сено в ванночку и залила его кипятком .	[1]	100.00%	
Ценовой разрыв лишь отчасти можно объяснить разницей в качестве продуктов и услуг , главное объяснение в том , что запрашиваемая партизанами цена не включает виртуальную ( брендовую ) и гламурную ( трендовую ) составляющие .	[7]	100.00%	
Следовательно , и духовная власть упомянутого в летописи епископа Владимиро - Волынского Стефана распространялась не только на жителей Волыни , но и на всю галицкую землю вплоть до Карпат .	[5]	100.00%	
"Однако , говорит директор по маркетингу компании Альфред Шах : "" Существуют разработки в ряде университетов и лабораторий Японии и США , которые рано или поздно появятся на рынке ."	[6]	100.00%	
"Во Франции в послевоенные месяцы вошло в обиход определение "" горизонтальный коллаборационизм "" - относящееся к женщинам , вступавшим в интимные отношения с немцами ."	[7]	100.00%	
Когда летом 1912 года в губернии началась эпидемия сыпного тифа , я в составе специально созданной в связи с этим тревожным обстоятельством бригады выехал на борьбу с опасным заболеванием .	[3]	100.00%	
Устанавливая границы договоренностей , он помогает ученику в выборе своего пути , в доведении начатого дела до конца и в осмыслении итогов практической деятельности .	[6]	100.00%	
Например , Веллитон и Вагнер Лав пользуются заслуженной любовью и популярностью у поклонников футбола .	[2]	100.00%	
"По мнению ряда российских и зарубежных экстрасенсов Цилиндры Фараона создают вокруг тела человека плотный энергетический кокон , непроницаемый для "" информационных "" и "" энергетических "" вампиров , защищающий от сглаза и дурного влияния ."	[7]	100.00%	
В начале моего второго курса в МИЭФ в очередной раз приехала делегация из ЛШЭ , чтобы рассказать студентам о разных аспектах поступления в магистратуру .	[6]	100.00%	
Работал хорошо , с подъемом , а под утро перечел - и порвал , и плакал без слез , и лег спать в носках .	[5]	100.00%	
Это тем более опасно , что все более высокие посты в силовых ведомствах занимают люди , чье профессиональное и нравственное становление пришлось на вторую половину восьмидесятых и девяностые годы .	[7]	100.00%	
Германия отвергла эти условия , и в результате мирная конференция так и не состоялась .	[1]	100.00%	
И там , где у грузин и украинцев была эта мотивация , в России - чувство обиды и реванша .	[4]	100.00%	
Итальянец взял у Б. сэкономленное и отправился на вокзал .	[1]	100.00%	
Я не знаю , почему они в этом участвовали .	[1]	100.00%	
Не успела еще завершиться Шестая международная олимпиада по лингвистике , а международный оргкомитет уже смотрит в будущее : существует предварительная договоренность о том , что в 2009 году олимпиада пройдет в польском городе Вроцлаве .	[7]	100.00%	
Впоследствии , уже в качестве профессора , он вернулся в Германию и продолжил исследования в Технологическом институте города Карлсруэ .	[3]	100.00%	
По улицам летали пух и перья от выпотрошенных подушек и перин из квартир евреев .	[5]	100.00%	
Автомобили появятся в салонах официальных дилеров в этом месяце .	[1]	100.00%	
В начале войны Финляндия не позволяла немецким войскам нанести сухопутный удар со своей территории , и немецкие части в районе Петсамо и Салла были вынуждены воздержаться от перехода границы .	[5]	100.00%	
Есть большие опасения , что власти ряда стран , и без того склонные к ограничению и нарушению прав граждан , постараются сохранить созданную систему контроля и после завершения эпидемии .	[6]	100.00%	
В первой главе , например , шла речь о том , что антисемитизм в Средние века был характерен и для англичан , и для французов , и для испанцев .	[6]	100.00%	
Прошло какое-то время , и в Минске пополз слух , что обнаружена и арестована банда мотоциклистов , которая грабила поезда , сбрасывая вещи из окон и затем подбирая их .	[7]	100.00%	
Чтобы переломить его точку зрения , нужны не одноразовые беседы и не одноразовые фразы .	[4]	100.00%	
И написал , что если ты сделал уроки и пошел гулять , - тогда это дар , а если не сделал и пошел , - получается , что бремя .	[6]	100.00%	
Последние исследования российских и зарубежных ученых показали , что поставить ультразвуковой датчик на черепную кость и получить контрастное изображение мозга через кости черепа мешает не только затухание ультразвуковых колебаний .	[6]	100.00%	
Благодаря этой псевдоэпидемии около 8000 человек - и поляки , и евреи - смогли избежать трудовых и концентрационных лагерей .	[3]	100.00%	
Так красиво и стройно процесс становления новых научных взглядов выглядит лишь с расстояния в десятки и сотни лет , сквозь призму написанных победителями учебников .	[7]	100.00%	
Даже не учитывая предположение о контактах между Римской империей и династией Хань , монгольские завоевания XIII века облегчили маршрут между Европой и Азией ( поскольку он теперь проходил по территории практически одного государства ) .	[7]	100.00%	
Если вам все время подсовывать то икру , то новый самолет , не мудрено не только смерть , но и жизнь - не заметить .	[6]	100.00%	
Постепенно человек накапливал опыт благоприятного воздействия на организм пищи и определенных растений , появлялись люди , специализирующиеся в лечении соплеменников , - это и было началом медицины и фармакологии .	[5]	100.00%	
Концентрация и централизация капитала породили первые крупные объединения - корпорации , гигантские тресты и картели , способные монополизировать и производство , и отраслевые рынки .	[7]	100.00%	
Имея в силу биографии понятие об индустрии , плавании и море , при работе по 14 часов в сутки , за два года можно все изучить во всех деталях .	[6]	100.00%	
Военные конструкторы и ученые многих армий мира уделяют огромное внимание и затрачивают огромные средства для создания все более сложных и дорогих систем высокоточного оружия для полного уничтожения цели и исключения потерь среди мирного населения .	[6]	100.00%	
Стоя у него за спиной , я увидел Шуру , которая нетвердой походкой , с расширенными глазами подошла к двери и остановилась в нерешительности .	[5]	100.00%	
Потребуются и опыт , и новые механизмы международного регулирования .	[1]	100.00%	
Патриарх Кирилл прямо призвал клириков и даже мирян использовать новые и современные возможности , чтобы противопоставлять христианские идеалы тому безумию , которое в самом деле часто прет из СМИ .	[5]	100.00%	
По главной дороге возницы продвигаться не решились , а свернули в сторону и стали пробираться лесными проселками , тревожно прислушиваясь и озираясь по сторонам .	[5]	100.00%	
Ему пришлось нагнуться и унизиться , чтобы достать в углу дешевую бутылку : он даже чуть не обнюхал ее .	[3]	100.00%	
Кубань - наше народное достояние , и мы не должны допустить ситуацию , которая возникла с нефтью и другими сырьевыми ресурсами , когда мы недополучили значительные средства в бюджет .	[3]	100.00%	
Потребовалось еще не одно десятилетие , прежде чем взгляд на биосферу как на единую , целостную систему стал утверждаться в представлениях и умах ученых .	[4]	100.00%	
"Призыв к ней прозвучал на Поклонной уверенно и громко , и власть его поддержала "" , - заключает газета ."	[4]	100.00%	
С одной стороны , это временный спекулятивный эффект , связанный с терактами в США и военными действиями на Востоке .	[3]	100.00%	
При этом через дымовые трубы в атмосферу вместе с газами выбрасываются и негорючие минеральные части его , в том числе и пятиокись ванадия - одно из наиболее токсичных соединений .	[6]	100.00%	
В сухопутных сражениях японская армия действовала более успешно , и им удалось захватить весь Южный Китай и соединиться со своими войсками , которые действовали в то время в Индокитае .	[4]	100.00%	
"Я сел в машину и поехал на еще один прокремлевский молодежный форум "" Территория смыслов "" в районе Владимира ."	[2]	100.00%	
"Тем самым представители власти , в силу своего "" вечного иммунитета "" , пользуются безнаказанностью в высказываниях , а в ряде случаев - и в действиях , что встречает непонимание в современных демократических обществах ."	[6]	100.00%	
Как сообщили в среду в ГУВД Волгоградской области , огонь вспыхнул во вторник в одной из квартир жилого дома .	[3]	100.00%	
И вот рассказываю я и на самом интересном месте понимаю , что детективная линия подходит к концу - там кто-то кого-то убил , - а чем все должно кончиться , я даже не представляю .	[6]	100.00%	
Чувство приобщения к тайне и к правде испытывали все - и те , кого запирали в парткоме для одинокого прочтения текста , и труженики отдельных предприятий , которым партия доверяла коллективное прослушивание полукрамольного доклада .	[7]	100.00%	
"Он , по-видимому ( и в первую очередь ) , затронет Японию , где многие одинокие пожилые люди уже "" снабжены "" домашними "" сидячими "" роботами для наблюдения за ними и вызова помощи ."	[6]	100.00%	
Однако если врач не сообщит о потенциальном доноре трансплантологам и , возможно , лишит пациента с хронической почечной недостаточностью шанса на жизнь , ему за это ничего не будет .	[6]	100.00%	
Совсем недавно мы с женой были у него в гостях и с удовольствием пообщались .	[2]	100.00%	
Судите сами : 1 кг веса и 5 часов работы без подзарядки при наличии вполне полноценной клавиатуры и цветного дисплея диагональю в 10,2 дюйма .	[4]	100.00%	
Эмма Ашотовна , уязвленная трагической любовью и болезнью своей дочери и понимающая кое-что в безумии и жестокости любви , совсем не интересовалась отношениями девочек и природой их взаимной привязанности .	[7]	100.00%	
"За это время я сумел смотаться на соседний строительный рынок и выяснить , что все , что мне нужно , там имеется и закуплено в "" Леруа Мерлен "" ."	[5]	100.00%	
Валяясь на диване с твердыми допотопными валиками , с просевшими пружинами , покуривая , поглядывал Денисов на карту полушарий и не одобрял расположения континентов .	[5]	100.00%	
"И с этого момента и администрация , и жители 15-тысячного Байкальска всерьез поверили , что альтернатива возможна , а Федерация выделила деньги на эксперимент по оздоровлению "" моногорода "" ."	[5]	100.00%	
Пальцы рук и ног пострадавших зачастую отваливались и оставались в старых бинтах при перевязке .	[3]	100.00%	
Красный , как и на автомобиле , запрещает движение .	[3]	100.00%	
Обычно все телефонные номера , фигурирующие в американских картинах , начинаются с несуществующего префикса 555 , но в этот раз сценаристы для пущей убедительности ввели в фильм настоящий номер .	[5]	100.00%	
Лю Шаоци избивали , и он умер в заключении .	[2]	100.00%	
Пациенты не знают , и сотрудники мои не знают , кто все эти люди .	[3]	100.00%	
Он углублялся в чтение дневников подследственных и даже высказывал личное мнение по их содержанию .	[3]	100.00%	
Так , может , это Следственный комитет в его лице демонстрирует тоталитарность и нетерпимость ?	[3]	100.00%	
"Потому что молодой человек , закончив курсы и набравшись опыта , через год уйдет на повышение в конкурирующую фирму , а благодарный "" старик "" мог бы еще лет пятнадцать работать на благо предприятия ."	[4]	99.99%	
Инициатива Мушаррафа по искоренению религиозного экстремизма встретила широкий положительный отклик в мире , в том числе и в соседней Индии , которой , собственно и была по сути адресована .	[6]	100.00%	
В результате люди стали охотнее брать деньги в долг и покупать на них дома .	[2]	100.00%	
Вопрос жены не исключал эту возможность : с кем - это не эти именно фрукты , а может , и другие , но в одно и то же время …	[6]	100.00%	
"В заключении Рогозин констатировал , что "" участие в разрешении палестино - израильского конфликта как коспонсоров мирного процесса - России и США , так и Евросоюза будет определяться политическими фигурами , а не дипломатическими ."	[7]	100.00%	
Хотя в ядерной сфере мы этого лишились не полностью .	[2]	100.00%	
Диван в моей будущей каюте не такой мягкий , как у командира и бортинженера .	[2]	100.00%	
"Еще в школе , когда мы только начали изучать химию , я принес из библиотеки толстенный том "" Техники лабораторных работ "" профессора Воскресенского и стал его аккуратно переписывать и перерисовывать в общую тетрадку ."	[4]	100.00%	
Китай тому пример , да и не только он .	[2]	100.00%	
Следует запомнить и четко представить себе , что и в какой момент ( по секундам ) надо отыскать глазами .	[4]	100.00%	
Сам же Дворцевой после случившегося в бессилии рухнул на табурет на кухне и уснул .	[3]	100.00%	
Возможность поступления в один из известных вузов - от старейшего университета Сорбонна в Париже до современного университетского центра Ницца - София Антиполис , использующего последние достижения науки и техники .	[5]	100.00%	
"Между тем , как сообщили в энергосбыте "" Камчатскэнерго "" , вопрос прекращения подачи тепла в жилые массивы рассматриваться не будет в любой ситуации ."	[3]	100.00%	
"Реальное количество погибших детей в 8 раз больше - эта категория преступлений обладает высокой латентностью , и в правоприменительной практике убийство новорожденного нередко квалифицируется по статье 105 УК РФ ( "" Убийство "" ) ."	[7]	100.00%	
Немыслимо , с точки зрения привычной практичности , нарядить двухлетнюю девочку в розовое платье с рюшками , на всякий случай надеть на нее памперсы и пустить играть в песочницу .	[7]	100.00%	
Мы также не обнаруживаем в себе и ценностей абсолютного масштаба , которые , будучи спроецированными на демократические политические институты , явились бы их оправданием .	[6]	100.00%	
Ведь власти не смогут , как в советское время , загнать людей в колхозы .	[2]	100.00%	
Раз в год в феврале владельцы таких моделей собираются на съезд в Мюнхен , где в гигантском ангаре с хорошей вентиляцией выстраивается самая большая в Европе 5-дюймовая железная дорога .	[6]	100.00%	
"В результате по прошествии какого-то времени вся материя и , что самое обидное для нас , биомасса превратятся в скопище нанороботов , в "" серую слизь "" , как образно назвал ее Эрик Дрекслер ."	[6]	100.00%	
Теперь с Любовью Соболь готовы сразиться в этом округе футболист Булыкин и актер Соколов .	[3]	100.00%	
Кроме мраморных Юпитеров и Диан человекоподобных почти не попадалось .	[3]	100.00%	
"Тревога большая , и не только у авторов писем в "" Правду "" , у специалистов , но и у руководства партии и страны ."	[5]	100.00%	
Оставшихся больных и раненых в приказном порядке перенесли в стоящую рядом нефункционирующую железнодорожную школу , которая не отапливалась совершенно .	[4]	100.00%	
Для внешнего пользования выпускает политические декларации и заявления о вине сталинского руководства в расправе над польскими гражданами в 1940-м .	[3]	100.00%	
Дело здесь не в оборудовании , а в другом .	[1]	100.00%	
Их не надо отчуждать и изолировать , наоборот , с ними надо разговаривать и договариваться , с благодарностью относясь ко всему , что они готовы сделать для свободной России .	[5]	100.00%	
Да и плохое знание гастарбайтерами русского языка и культуры отнюдь не является главной причиной роста межнациональной напряженности в России .	[5]	100.00%	
После переезда из родного Омска в Москву поселилась на подмосковной базе в трехместном номере .	[3]	100.00%	
У его сына , Генри Хейвена Уиндзора - младшего ( Henry Haven Windsor Jr . ) , не было собственного опыта в журналистике или книгоиздательстве , но он вырос и повзрослел вместе с журналом .	[6]	100.00%	
Потом грузно плюхнулся на свое место , и тут же его белая пухлая рука потянулась к вину и ветчине .	[4]	100.00%	
Причем людей интересуют не только имена кандидатов , но и мнения о них и их программах граждан , экспертов .	[4]	100.00%	
Страшные сказки в этом смысле куда безопаснее : не сбудутся - и слава богу …	[7]	100.00%	
И вовсе не в одежде оказывается дело , и не в макияже от Диора .	[2]	100.00%	
Например , они отстают от других стран Европы как по реальному участию их жителей в общественных организациях и гражданских движениях , так и по ценности для них таких объединений .	[5]	100.00%	
Этот тезис не нов и уже оспорен профессиональными экономистами .	[2]	100.00%	
В перспективе - слияние гламурного и пиратского бизнесов в единую потоковую структуру , в которую они будут входить как звенья единой цепи создания стоимости .	[6]	100.00%	
Как выпадет ей варить , они по щепотке соли в варево бросят , и потом все ворчат на молодуху .	[4]	100.00%	
Он ведь еще и настоятельно рекомендовал Саакашвили не слишком увлекаться в полемике с Москвой .	[6]	100.00%	
Однако главным учителем в жизни ( она оборвалась в 1942 году : доброволец Зевин погиб под Вязьмой ) художник называл Роберта Фалька , в 1921 году преподававшего в Витебске .	[5]	100.00%	
На этот раз она была в сильном возбуждении и мяла в кулаке кружевной платочек .	[2]	100.00%	
Завтра целый день в юридической консультации писать кассации , заявления , думать о людских несчастьях , в том числе и семейных , а потом _ домой - к кому ?	[5]	100.00%	
"В то время когда мучительно искались инвесторы , в том числе и на "" Сахалин - 2 "" , еще , конечно , никто не догадывался , какое чудо случится с ценами на нефть ."	[7]	100.00%	
Она вполне может не мешать изучению каких-то иных явлений ( никто из биологов , кажется , и не занимается проблемами генетики Иисуса Христа ) , но мировоззрение этих коллег мы считаем не вполне научным .	[7]	100.00%	
Многие европейцы , которые официально побывали в Китае в этот период , например , де Рубрук , вообще не удостоились упоминания в китайских летописях .	[5]	99.99%	
Сотрудница туалета закатила глаза и заговорила тихо и быстро .	[1]	100.00%	
Он подошел к мальчику и увел его с кладбища .	[1]	100.00%	
Эти три ступени вниз , в полуподвальную квартиру , казались Гаянэ входом в преисподнюю , и она , почти не касаясь пола , взлетала единым духом на второй этаж …	[7]	100.00%	
Основные методы основаны на логике и сборе легальной информации .	[2]	100.00%	
Скоро он понял , что выигрывает , и наконец начальник смешал фигуры на доске и ушел опять в джунгли .	[4]	100.00%	
Человек с горбом на лбу повернулся , спрятал нож и пошел в обратную сторону .	[3]	100.00%	
В Голландии не стесняются пропагандировать средства предохранения , и главное , никогда не оставляют забеременевшую женщину в беспомощном положении .	[6]	100.00%	
Например , рибозу находили и в метеоритах , но по соотношению изотопов и оптическим изомерам она была признана абиогенной .	[5]	100.00%	
Да , мне все это понравилось , хорошо бы и на будущее сохранить эту пустоту , простоту и яркость .	[3]	100.00%	
Ведь главная проблема подростковой неуспеваемости не в недостатке способностей , а в слабой мотивации .	[3]	100.00%	
Бесконечные стычки и распри , дележ и взаимные наговоры .	[3]	100.00%	
В хоккей , который вместе с космосом и балетом был витриной и визитной карточкой .	[3]	100.00%	
Шансов засечь столкновение миниатюрной черной дыры с нашей планетой очень и очень немного , хотя и нельзя сказать , что их не было совсем .	[6]	100.00%	
В защиту Марко Поло можно сказать , что описание им велось по памяти , он был знаком с персидским и использовал персидские названия , которые часто также были непоследовательны в своей передаче китайских названий .	[7]	100.00%	
Невозможность занять деньги для обслуживания долга и сокращение бюджета в результате уже практически 30-процентного сокращения цен на нефть - это тяжелейший удар и по бюджету , и по бизнесу .	[6]	100.00%	
Вот , оказывается , это можно изучать , и это действительно было недавно использовано , буквально в прошлом году , для обнаружения того , что некоторые изотопы элементов 120 и 124 обладают повышенной стабильностью .	[6]	100.00%	
Был морозный солнечный день , и ему все нравилось : обилие лыжников и скрип свежего снега , который еще не успели убрать в Москве .	[3]	100.00%	
Он свистит над головами и детей , и взрослых .	[2]	100.00%	
В Америке избранный президент проводит массовые назначения 12 с лишним тысяч человек , они все работают на ту идею , которая декларирована в той или иной партийной программе , и идея пронизывает всю конструкцию .	[7]	100.00%	
Когда Медведев начал играть роль преемника , он начал озвучивать в качестве своих планов ровно то , что ему знакомо и как юристу , и как бывшему главе комиссии , разрабатывавшей программу административной реформы .	[7]	100.00%	
Самый массовый - административный ресурс и фальсификации на выборах .	[4]	100.00%	
"Письмо было напечатано в израильском журнале "" 22 "" , и суть его заключалась в том , что Синявский тоже был тайным осведомителем органов ."	[3]	100.00%	
Наблюдателем способна быть и амеба - она тоже вполне в состоянии вызвать квантовый коллапс .	[7]	100.00%	
Да и налоги в международных водах платить не надо .	[1]	100.00%	
Выбрали второе , чему немало способствовала заинтересованность европейского бизнеса в деловых отношениях с Россией и тот факт , что половина потребности Старого Света в газе и четверть в нефти удовлетворяется за счет наших поставок .	[7]	100.00%	
Уже четыре дня я не ел хлеба и живу только на супе на обед .	[3]	100.00%	
Когда в самом начале нового века в США компьютеризация достигла уровня проникновения в повседневную жизнь большинства населения , остальной мир только втягивался в процесс .	[4]	100.00%	
Если помните , когда Старик Хоттабыч объелся мороженого и пионеры Женя и Алеша его пожалели , он сразу воспрянул духом и почувствовал себя здоровым .	[6]	100.00%	
Важно приходить в эту мерзость запустения и преображать ее .	[3]	100.00%	
В молодости он участвовал в Крымской войне , в которой выказал себя отличным специалистом и солдатом - за что был награжден и получил повышение .	[6]	100.00%	
"Первые десять минут Валентин Хагдаев бил в бубен и рассказывал популярные поверья и истории об острове , а следующие двадцать - _ декламировал свои стихи , вышедшие в сборнике "" Молодые поэты Бурятии "" ."	[5]	99.99%	
Размышление и самообучение в круг ее задач не входили .	[2]	100.00%	
Вот и странные голодные собаки , которые всегда плелись за его гробом , вот и одинокий неизвестный человек рядом , вот и крепкий гроб , в котором он лежит .	[6]	100.00%	
Норвегия приняла решение о сокращении своих квот на нефтяной экспорт на 150 тыс баррелей в день при условии , что остальные страны выполнят свои обещания , и ситуация на мировых сырьевых рынках не изменится .	[5]	100.00%	
Сегодня мальчиков и девочек готовят к одинаковой деятельности - ведь гендерное разделение труда не такое жесткое , как раньше , а в образовании женщины опережают мужчин , и это медленно подготавливает иной стереотип мышления .	[7]	100.00%	
"Из Грузии в Россию уехало много интеллигенции , они очень гармонично вписались в российскую жизнь и здесь останутся "" ."	[3]	100.00%	
"Для наблюдения за общественным порядком и проведения профилактической работы в городских районах рекомендуется "" мобилизовать добровольцев и пенсионеров "" ."	[5]	100.00%	
"Если эта ситуация не будет в корне изменена , разрыв между так называемым "" мэйнстримом "" мировой науки , т. е. ведущими направлениями гуманитарных исследований в мире , и российской наукой будет неуклонно расти ."	[6]	100.00%	
Мы уверены , в новой школе каждый учитель в отдельности и коллектив учителей в целом сможет напрямую общаться с теми учениками , которым интересен он и которые интересуют его .	[5]	100.00%	
Жизнь постепенно будет налаживаться и Россия по уровню жизни населения выйдет в число передовых .	[3]	100.00%	
По его мнению , ситуация в регионе в последнее время значительно улучшилась , что Ваджпаи связывает с некоторыми позитивными сдвигами в кашмирской политике Пакистана .	[5]	100.00%	
"Спасали от холода и крепкий бараний запах , и самое слово "" тулуп "" ."	[3]	100.00%	
Как сообщили в пресс-службе флота , министр прибыл на Кольский полуостров в воскресенье вечером .	[2]	100.00%	
Ведь мертвые и похищенные не в состоянии себя защитить .	[2]	100.00%	
"Кто не знает , что такое "" пикировать "" , пусть и не знает ."	[2]	100.00%	
Долго ему не отворяли и не слышали , притворяясь глухими , наконец , открыли и недоверчиво на него посмотрели .	[5]	100.00%	
Секретарь вытаращил глаза на арестанта и не дописал слова .	[1]	100.00%	
Поэтому в пикосекундный масштаб попадают атомы и молекулы и некоторые достаточно медленные электронные движения .	[7]	100.00%	
С ним я походил и поездил по изувеченной земле .	[2]	100.00%	
Однако в начале XIX века падения метеоритов стали хорошо документироваться , и все сомнения в их внеземном происхождении отпали .	[5]	100.00%	
Не только в познании ближнего и дальнего космоса , но и в изучении поверхности Земли и ее недр , развитии техники и прогрессивных технологий .	[6]	100.00%	
"Преодоление монополии большинству блоггеров виделось в "" честных выборах "" , что и вывело их в декабре на улицы ."	[3]	100.00%	
Так в частности , устроена культурная жизнь в США .	[1]	100.00%	
Как сообщалось , в Санкт-Петербурге в результате пожара в Петропавловской крепости в воскресенье поздно вечером сгорел купол башни Нарышкина бастиона и пострадала стела флагштока .	[4]	100.00%	
Недостатки использования ребризеров - дороговизна и сложность в эксплуатации .	[1]	100.00%	
В этом случае определяется время завершения игры в игровой день , и по достижении этого времени игрок , чья очередь ходить , должен отложить партию , которая затем доигрывается в определенный турнирными правилами день .	[7]	100.00%	
Почему я в таких подробностях остановился на этом эпизоде ?	[2]	100.00%	
Путин действует в целом корректно , не заслоняя нового президента на международной арене и не пересекая демаркационную линию дома .	[4]	100.00%	
Они встроены в язык , и мы даже примерно представляем , где душа находится .	[6]	100.00%	
Так зачем нам рисковать и менять шило на мыло ?	[1]	100.00%	
В университете Южной Юты существовала традиция - перед началом занятий преподаватели каждого колледжа выезжали на день за город , на университетскую базу , чтобы обсудить планы на следующий год и познакомиться с новыми преподавателями .	[6]	100.00%	
Надо просто смотреть на них и дышать их ароматом .	[1]	100.00%	
Несмотря на весь скепсис , опрошенные экс-депутаты не разочаровались в политике и готовы в будущем вновь ринуться в бой .	[3]	100.00%	
На уровне жизни граждан это практически не скажется , даже если на указанные 2 проц . ( статистически неуловимые ) и снизятся цены на облагаемые НДС товары и услуги .	[7]	100.00%	
Поэтому разногласия по европейской ПРО и вообще по ПРО лежат только в политической сфере .	[5]	100.00%	
И сразу совестно , и в сердце нехорошая тошнота , и батон этот пухлый тяготит , и девять бубликов этих как звенья распавшейся цепи , и думает он : ну вот , зря пожадничал !	[6]	100.00%	
Ничего не сочинил , не пропел , не выстрелил .	[2]	100.00%	
Довольно скептически на проблему снижения налога смотрят и практики .	[2]	100.00%	
Лежа на парте , я внимательно слушал голос учителя , не отвлекаясь на обычные шалости , и старался запомнить все , что он говорит .	[4]	100.00%	
Дальше фантазия не шла , и наши руки устали .	[2]	100.00%	
Темпы роста заработной платы в сельском хозяйстве выше , чем в экономике в целом .	[2]	100.00%	
Об этом сообщили в понедельник в пресс-службе МЧС России .	[1]	100.00%	
"Если в сентябре прошлого года 44 % населения страны оценивали отношения с США в диапазоне от "" прохладных "" до "" враждебных "" , то после войны в Южной Осетии таких стало 75 % ."	[5]	100.00%	
Для чего существенно изменяются и тематика , и объемы часов по этим видам обучения .	[4]	100.00%	
Ведомство обвинили в непредоставлении информации о ведении образовательной деятельности без лицензии , подделке дипломов гособразца , нецелевом расходовании бюджетных средств и лжевузах , выпускники которых устраиваются на работу с фальшивыми дипломами , и другом .	[7]	100.00%	
Замминистра финансов Дмитрий Панкин сказал , что в связи с ростом экспортных доходов Россия в этом году может отказаться от ранее планировавшихся дополнительных заимствований в размере $ 13,5 млрд .	[6]	100.00%	
"Украина в особенности превратилась в "" блошиный рынок рейха "" , где весь этот хлам сбывался в обмен на качественное продовольствие и другие товары ."	[5]	100.00%	
Прежде исследователи считали , что этот запрет был пожалован новгородцам Ярославом Мудрым в благодарность за их помощь в овладении киевским столом в 1015 году .	[6]	100.00%	
Поэтому уже не удивительно , когда данные таможни не совпадают с реальными объемами перевозки в 5 и более раз .	[3]	100.00%	
Может , оттого , что я говорю в этой книге о вещах достаточно серьезных , мне и захотелось оттенить их спрятанной в названии улыбкой .	[6]	99.99%	
Этим баннером они и выразили свое отношение и озабоченность .	[1]	100.00%	
Если ребенок не перешел от жестовой речи к дактилической , в школе его учить не начинали , и не важно , сколько ему лет .	[6]	99.99%	
Этим изобретением заинтересовались на заводе Генри Форда , и начиная с 1956 года ремни братьев Лигон стали устанавливаться в качестве опции на автомобили Ford .	[4]	100.00%	
"Администрация города обратилась в прокуратуру с просьбой принять меры в отношении "" Дальэнерго "" ."	[2]	100.00%	
Нам кажется , что нужно , и , _ прежде всего , для того , чтобы накопить опыт , апробировать модели практического содружества и взаимодействия образовательной и практической журналистики .	[7]	100.00%	
Правда , списков задержанных он не видел и в допросах участия не принимал , но , судя по всему , это была именно она .	[4]	100.00%	
Немецкое и итальянское командование использует в Атлантике в основном подводные лодки , которые действуют на коммуникациях , связывающих Великобританию с Северной Америкой , африканскими колониями , Южно-Африканским Союзом , Австралией , Индией и СССР .	[7]	100.00%	
Например , известный финансист Андрей Мовчан считает : государство не может превратиться в одну компанию и извлекать добавленную стоимость из углеводородов вечно и долго .	[5]	100.00%	
"Они прячут глаза , подолгу спят и не едят яиц , потому что в своем мире вылуплялись из них "" ( "" Дом , в котором … "" ) ."	[5]	100.00%	
Да и обнаружилось это в тех авариях не сразу .	[1]	100.00%	
Растет и приобретает профессиональный опыт штат молодых тренеров и специалистов , расширяется круг региональных секций и школ синхронного плавания .	[3]	100.00%	
Каждую минуту я гашу фонарь и опять его зажигаю .	[1]	100.00%	
Томас Харлан в пятидесятых поставил в Германии спектакль о преступлениях нацизма , и те , кого он назвал по имени , будучи при должностях , возбудили против него дело .	[5]	100.00%	
Мы выставили на стол все свои запасы и напитки .	[1]	100.00%	
Мать ест и поправляется , и начинается новая жизнь .	[2]	100.00%	
Еще до войны Бауэр ( родился в небедной еврейской семье в Штутгарте ) был судьей по делам несовершеннолетних , самым молодым в истории Германии , и дружил с социал-демократами .	[6]	100.00%	
Даже в индустриальной Москве иногда из какого-нибудь парка подует ветер и принесет с собой лесной запах ; в Ереване , сколько ни води носом , ветер ничего не принесет .	[7]	100.00%	
Эти нагрузки изгибают клинок сначала в одну , а потом в другую сторону , в итоге придавая ему знаменитую изогнутую форму - за счет различной закалки лезвия и обуха .	[5]	100.00%	
Дважды герою полагался памятник на родине , трижды герою _ еще и в Москве .	[3]	100.00%	
Семи - восьмилетним я уже знал и любил отца , хотя и третьей любовью .	[3]	100.00%	
Он приехал на паре своих вяток , очень красивых , и они все время стояли у крыльца , он остался , потому что был дождь , и ему хотелось , чтобы к вечеру просохло .	[6]	100.00%	
Пытался он внести и новые предложения в производство обуви .	[2]	100.00%	
Согласно указаниям начальника игр молодой человек , он же Робинзон , честно перенес все свои видения через проектор мыслей в компьютерную сеть по производству игр и возвратился в комнату .	[6]	100.00%	
Таким образом , без создания коалиции интересов потребителей и производителей , без сильного антимонопольного законодательства и регулирования , не предусмотрев своего рода компенсационных сделок для проигравших , некоторые из кардинальных реформ продвинуть практически невозможно .	[7]	100.00%	
"Он медленно положил сигару в пепельницу , стоявшую на рояле , тронул клавиши и запел вполголоса романс "" Утро туманное , утро седое "" фантастическим по красоте голосом , слегка подыгрывая себе на рояле ."	[6]	100.00%	
Аргументы правозащитников о том , что и за год человека можно убить или , по крайней мере , выбить из него все человеческое , в этом случае , скорее всего , останутся без внимания .	[7]	100.00%	
Не одеваясь Серго выскочил на улицу , пробежался по круглому каменному двору и остановился в подворотне : он не знал , куда теперь идти .	[5]	100.00%	
К этому нужно готовиться , чтобы не показать слабость , но и не сорваться в жесткое противодействие , риторику .	[5]	100.00%	
"Почти никто не знает , что он там доказал , и зачем это нужно было доказывать , и даже что такое "" доказательство "" ."	[7]	100.00%	
Прибор их регистрирует и выводит изображение на экран компьютера .	[2]	100.00%	
Через 3,5 часа мы прибыли на автостанцию в Тарусу .	[1]	100.00%	
"Плохой , хотя и не самый ужасный конец : Россия прошла период "" жирных "" лет , основные сливки сняты , поэтому придется встать на твердую почву и несколько поменять образ жизни и политику ."	[5]	100.00%	
Выяснилось , что общинное миросозерцание и мировосприятие не вечны .	[4]	100.00%	
Такие деликатные инструменты в условиях всеобщего хаоса откровенно блокируются , что мы и наблюдаем .	[4]	100.00%	
Современные европейские , в том числе и финские , шаманы свои традиции растеряли и перенимают их теперь у тувинцев , которых считают основателями шаманизма .	[6]	100.00%	
Поэтому в фирме работает так много матерей - одиночек , и в штате числится немало дам в интересном положении .	[3]	100.00%	
Отец в первый же понедельник ушел добровольцем в ополчение .	[2]	100.00%	
Мы должны обеспечить государство финансами , чтобы оно могло финансировать и медицину , и социальную программу , и пенсии .	[4]	100.00%	
Там действительно есть разделение труда , подчас достаточно сложное , но оно подвижное , выполняемая роль и работа обычно зависит от возраста индивида , но может меняться и произвольно , в зависимости от ситуации .	[7]	100.00%	
Я не участвовал в покупке и раза два - три приезжал туда на море .	[2]	100.00%	
Естественные науки описывают окружающий мир и наблюдаемые в нем явления , стремясь объяснить уже случившиеся события и предсказать будущие .	[4]	100.00%	
Для центристов все сводилось к перегруппировке сил в правительстве , рейхстаге и отдельных землях .	[3]	100.00%	
"Может прийти участковый и утащить нас в суд "" ."	[1]	100.00%	
В столетнюю годовщину этого символического рубежа развития мы живем , трудимся и потребляем в условиях совсем другой экономики , достижения и проблемы которой бессмысленно измерять ростом производства чугуна , стали , тракторов и зерна .	[6]	100.00%	
Создание и освоение оружия на новых физических принципах и с новыми свойствами , в том числе тактического ядерного оружия .	[4]	100.00%	
В трудных случаях он видит себя сидящим в старомодном кабинете в компании Альберта Эйнштейна .	[3]	100.00%	
При помощи двух радиотелескопов , способных работать в миллиметровом диапазоне , ALMA и телескопа Джеймса Максвелла , ученые обнаружили в венерианской атмосфере линии поглощения на длине волны 1,123 миллиметра .	[6]	99.99%	
Национальная безопасность и революция в организации ТВ - вещания .	[3]	100.00%	
В данном случае намерения оппозиции и Запада в определенной степени совпадают с намерениями Путина .	[3]	100.00%	
"Ты можешь спать с кем угодно , делать что угодно - и это не вызовет конфликта , особенно если в любой момент можно сказать : "" Я жертва "" ."	[4]	100.00%	
Вопреки очевидности , я где-то на дне души не верил в прочность победы Тенненбаума .	[5]	100.00%	
Поплыла вместо этого всего какая-то багровая гуща , в ней закачались водоросли и двинулись куда-то , а вместе с ними двинулся и сам Пилат .	[6]	100.00%	
"Сегодня , по прошествии пяти лет , на научных семинарах в академических институтах можно услышать и выводы более жесткие : "" Юридическое упразднение РАН в 2013 году фактически уничтожило социальный институт науки в России ."	[7]	100.00%	
"Однако этот , бесспорно положительный , метод исследования не может целиком закрыть проблему : если не сопоставлять результаты моделирования с экспериментом , то можно уйти в виртуальную область , в своеобразное "" зазеркалье "" ."	[7]	100.00%	
"Как образец гармоничного сосуществования человека и природы академик привел пример развития древнекитайской цивилизации : "" Она создавалась тысячелетиями , и основой ее были земля , вода , воздух и физическая сила животных и человека ."	[7]	100.00%	
Остальное - в основном всякая сборочная и ремонтная мелочь .	[3]	100.00%	
В одной из своих работ известный российский экономист Е. Гайдар выявил любопытную закономерность : примерно в течение полутора веков между Россией и странами - лидерами Европы упорно сохраняется дистанция в 40 - 60 лет .	[7]	100.00%	
В Британии нет разделения на следственные изоляторы и места , где отбывают наказание уже приговоренные , максимум - их могут поместить в разные крылья тюрьмы , и то необязательно .	[6]	100.00%	
Представляете , как прекрасно иметь столько двоюродных братьев и сестер , с которыми обязательно встречаешься каждый год , дружишь с детства , и знать , что эта связь перейдет с тобой во взрослую жизнь .	[6]	100.00%	
Даже такая маленькая и уютная тьма , которая образовывалась в задвинутом скользящей крышечкой пенале , и та вызывала подозрение .	[7]	100.00%	
В России бизнес на протяжении многих лет поставлен в экстремальные условия и всем собственникам бизнеса приходится в них работать .	[4]	100.00%	
Вот когда короба их наполнятся , они про тебя забудут , и ты будешь жить в мире и здравии .	[5]	100.00%	
Из этого доктор Норем сделала вывод : оптимизм и пессимизм становятся у каждого второй натурой , коренящейся как в воспитании , так , видимо , и во врожденном предрасположении .	[6]	100.00%	
"Это связано в основном с обилием мелких и средних фабрик в каждом регионе России "" , - считают продавцы ."	[3]	100.00%	
Когда ток-шоу уже начиналось и шло представление участников , он последним в момент паузы перед его именем появлялся под неизбежные аплодисменты зрителей в студии .	[5]	100.00%	
Во второй половине недели к столице подойдет циклон , который принесет с собой осадки , сообщили в понедельник в Гидрометеобюро Москвы и Московской области .	[6]	100.00%	
Госпиталь формировался в Курске от союза земств и городов .	[2]	100.00%	
Закон немедленно вступил в силу , и в короткое время численный состав армии достиг 5 миллионов человек , что составило около 3 % населения .	[6]	100.00%	
Естественное объяснение этой невероятности требует множественности Вселенных , и таких гипотез немало , но ни одна из них при нынешнем состоянии науки ( а возможно , и вообще ) не может быть подтверждена экспериментально .	[6]	100.00%	
Директор заверил меня в том , что он внутрь конверта не заглядывал и сразу же велел отнести его мне .	[3]	100.00%	
"Другим важным и "" скорым "" следствием потепления является усиление ветров и повторяемости сильных штормов в средних широтах Атлантики ."	[5]	100.00%	
Не то что с настоящей : съемки Огненной горы проходили в новозеландском заповеднике , и экологи буквально на пятки наступали съемочной группе , требуя бережного отношения к альпийским лугам .	[5]	100.00%	
Тетя Липа и мама уходили спозаранку на свою работу .	[2]	100.00%	
Почему в моей стране массами вновь овладевают утопии и обожествление власти , почему история не хочет найти альтернативу насилию , почему вновь столь грубо и цинично растаптываются идеи свободы ?	[5]	100.00%	
Правительства генерала Деникина на юге России и адмирала Колчака в Сибири представлялись более законными выразителями воли народа , чем большевики , захватившие власть в Петрограде в результате военного переворота .	[4]	100.00%	
Однако , оказывается , и у России в этом плане могут быть свои интересы .	[1]	100.00%	
С их помощью можно одолеть лед , не превышающий полуметра в толщину : глубже пила не достает , и приходится выпиливать пласт за пластом .	[5]	100.00%	
Если же это не будет сделано , то тогда закон по существу лишит лиц других национальностей , плохо владеющих эстонским языком , возможности активно участвовать в управлении государственными делами , в общественной жизни республики .	[6]	100.00%	
Университету была нужна и новая библиотека - здание , не только отвечающее всем современным техническим требованиям , но и идеально вписывающееся в ландшафт кампуса .	[6]	100.00%	
Это очень простая машинка - ее можно собрать и запрограммировать всего за 30 минут , да и в бумажном руководстве подробно расписан каждый шаг .	[6]	100.00%	
Я занимаюсь крайне интересной работой и никогда не променял бы ее на большое состояние .	[3]	100.00%	
Мог иметься в виду и слесарь , и столяр .	[1]	100.00%	
Они упирались друг в друга глазами , не совпадая во времени на десятилетие , и продолжали свой дикий диалог : _ слепого с глухонемым .	[7]	100.00%	
За кедровыми шишками нужно ехать в тайгу уже на Большой земле и специальными тяжеленными колотушками сбивать их с деревьев .	[6]	100.00%	
Появление человека на этот процесс не влияло до тех пор , пока им не были обнаружены легкодоступные и обильные источники несолнечной энергии - уголь , газ , нефть , а затем и атомная энергия .	[6]	100.00%	
Никто никаких иллюзий на тему всенародного внимания и любви к прессе давно не питает .	[4]	100.00%	
Однако он отметил , что повышены меры безопасности в аэропортах и на других важных объектах страны , и все службы безопасности получили предупреждение о повышенном уровне угрозы в регионе .	[6]	100.00%	
Логику в такой деятельности правительства найти так же сложно , как и в его мнимой борьбе за наши интересы .	[3]	100.00%	
"Все мечтали повторить путь Бориса Егорова , первого врача - космонавта , слетавшего в 1964 году на "" Восходе "" и возглавлявшего у нас в ИМБП один из отделов ."	[5]	100.00%	
Вы привели в правительство Гайдара и его команду реформаторов ?	[3]	100.00%	
В частности , сейчас разворачивается дискуссия между Минфином и Минэкономразвития по поводу налогов , в частности , налога на добавленную стоимость - НДС , и пока не совсем понятно , чья позиция возьмет верх .	[7]	100.00%	
Все эти фазы завершаются переходом к новому проекту , в том числе и в сверхновом стиле семейной жизни , который исследователи назвали серийной моногамией .	[5]	100.00%	
Наверное , и те , кто эти санкции придумывает и просчитывает , не ставят себе целью , чтобы здесь были угнетены те люди , которые в целом относятся к дружбе России с Западом позитивно .	[6]	100.00%	
Рабочий паренек из села Калиновка Курской губернии , он с 12 лет вкалывал на заводах и шахтах Донбасса , о чем с удовольствием вспоминал потом на самых разнообразных трибунах .	[6]	100.00%	
Ванных нигде нет , только тесная уборная с унитазом и раковина - где на кухне , где в передней .	[5]	100.00%	
Все меньше доверия и к демагогам с учеными степенями .	[1]	100.00%	
Есть еще проблема с отсутствием квалифицированной рабочей силы ( имеется в виду менеджерский контингент ) и сокращением ее поступления из-за рубежа в новых условиях .	[4]	100.00%	
Никуда он не заходил , он на промысел шел .	[2]	100.00%	
"Как сообщил Александр Ролик , в отношении прежнего руководства "" Дальэнерго "" и "" ЛуТЭКа "" дела были прекращены в соответствии с процессуальным кодексом , поскольку предприятия согласились добровольно выплатить ущерб , нанесенный государству ."	[6]	99.99%	
Затем наступает лето с пышной зеленью и синими горами , жарой и обильными дождями .	[3]	100.00%	
Не хочу его обижать , но я не знаю : он сел против света и не показал мне лица .	[5]	100.00%	
И тогда , так и не дождавшись , он ушел в то последнее далеко , откуда уже нет возврата .	[4]	100.00%	
Я понимаю , когда вы накапливаете Фонд национального благосостояния и вкладываете его в качестве целевого капитала в Пенсионный фонд .	[3]	100.00%	
Скоро будет достигнута критическая точка в 35 - 40 % , и тогда худо всем : потребитель будет вынужден отказывать себе в продуктах , а отечественный производитель пострадает из-за снизившегося спроса на его продукцию .	[3]	100.00%	
Насколько я понимаю , в планах правительства перевести в автономные значительную часть бюджетных учреждений .	[4]	100.00%	
Идеальная интеллектуальная система сможет самостоятельно совершенствовать собственный дизайн и менять свою форму самыми разнообразными способами , например , добавляя недостающий материал в определенные части конструкции , изменяя химический состав отдельных узлов и т. д .	[6]	100.00%	
Я и мои коллеги изучаем , как влияет химический состав и структура металлов и сплавов на их свойства , а также как меняются структура и свойства при термической обработке или при других внешних воздействиях .	[6]	100.00%	
Правда , такие сравнения могут вводить в заблуждение : между жизнью финнов и критян есть и много других различий .	[5]	100.00%	
Нормальные люди способны описать гипотетическую ситуацию весьма красочно , в то время как больные ограничиваются несколькими скупыми и не связанными друг с другом подробностями .	[6]	100.00%	
Согласно этой договоренности , которая вступает в силу с момента подписания , Россия берет на себя обязательства выделить для миротворческих операций ООН четыре средних транспортных вертолета Ми-8 МТ и одну инженерно - саперную роту .	[7]	100.00%	
Мать , Валентина Игнатьевна , долго болела сердцем , с войной ее сердечная болезнь обострилась , и Лариса Васильевна проводила и мать и осталась совсем одна на белом свете .	[7]	100.00%	
Как сообщили в Минэнерго , предполагается , что на переговорах Касьянова с Родригесом стороны будут обсуждать перспективы продления на второй квартал решения России об ограничении добычи и экспорта нефти .	[6]	100.00%	
В ходе Крымской войны он поставляет в русскую армию свинец , серу и селитру .	[3]	100.00%	
Правда , и тогда , в 1992 году , диетологи знали , что некоторые типы жиров необходимы для здоровья и сокращают риск заболеваний сердца .	[6]	100.00%	
Так постепенно российское население сбивается с толку и ему внушается мысль о том , что внешнеполитическое признание вины не так уж и важно , а полная правда в этом деле никогда не будет известна .	[6]	100.00%	
Это относится не только к боевым действиям ВКС и Сил специальных операций , но и к информационному противоборству , гуманитарным операциям , взаимодействию с присутствующими в регионе военными из других стран , включая США .	[7]	100.00%	
Я метнулся в Минск при первой же возможности и сразу же пошел в свой дом , в свой двор .	[4]	100.00%	
Он наконец нашел и кремень , и кусок напильника , и шнур в патронной гильзе , вымокший в снегу .	[2]	100.00%	
"Во-вторых , Кремль , который получил лишнюю возможность обвинить "" киевскую хунту "" , как в отсутствии возможностей контроля за обеспечением безопасности граждан , так и в удушении свободы слова и провокации против Кремля ."	[6]	100.00%	
В 2005 году Уоррену и Маршаллу была присуждена Нобелевская премия по физиологии и медицине .	[3]	100.00%	
Мы не можем идти по пути Китая и конкурировать за счет дешевой рабочей силы , у нас и силы - то уже не осталось .	[4]	100.00%	
Постепенно уходят в прошлое времена , когда преподаватели в школах и высших учебных заведениях пользовались лишь доской и мелом .	[5]	100.00%	
Есть и нулевое чтение , существует согласование в правительстве .	[3]	100.00%	
В компании RJH Public Relations было , в свою очередь , объявлено , что графиня Уэссекская сложит с себя полномочия председателя и ее доля в компании будет снижена до доли владельцев небольших пакетов акций .	[5]	100.00%	
Критическая ситуация сложилась на основных магистралях Петропавловска - бушующий в южных районах Камчатки циклон , не дойдя до областного центра , тем не менее принес в город сильный снегопад .	[7]	100.00%	
И тоже ничего придумывать не надо : к твоим услугам - почтенная традиция европейского и отечественного атеизма и антиклерикализма .	[7]	100.00%	
Тогда же была утеряна в основном и сама имперская идея , получавшая импульс лишь в отдельные периоды итальянской истории .	[5]	100.00%	
Еще с ноября начинал он думать и загадывать , как и куда поедет на время своего будущего летнего отпуска .	[4]	100.00%	
Остается открытым вопрос , смогут ли обратить ситуацию в свою пользу МВД и входящая в его структуру миграционная служба .	[6]	100.00%	
Землетрясение и цунами 15 метров в Японии привело к аварии на атомной станции Фукусима ( 2011 г. ) , погибло 20 тысяч , радиация надолго заразила воду и почву .	[4]	99.99%	
Поэтому , сказал Христенко , заинтересованность России в стабильности цен на нефть в такой же степени означает заинтересованность России в стабилизации цен на газ .	[3]	100.00%	
"Там в результате "" самоуплотнения "" вместе с дедом и бабушкой поселилась многочисленная родня бабушки и дедушки , включая его отца и мать ( моих прадедушку и прабабушку ) ."	[6]	100.00%	
Подобные механизмы действуют во многих странах , но в России он , к сожалению , так и не создан .	[4]	100.00%	
Не на миллиметр в год , как обычно , а до метра в год !	[3]	100.00%	
Да и сегодня на территорию университета и в музей нельзя попасть без специального пропуска .	[2]	100.00%	
Производство чугуна и стали было налажено в непролазной чаще - так в те времена промышленники пытались уходить от налогов .	[5]	100.00%	
Руководящие работники Минавиапрома и Первомайского райкома КПСС города Москвы , участвовавшие в совещании , не предотвратили это грубое нарушение постановлений партии и правительства о борьбе с пьянством и алкоголизмом .	[6]	100.00%	
Чисто физиологические методы становились явно недостаточными для контроля , количественной оценки , обеспечения и прогнозирования уровня общей и профессиональной работоспособности космонавта в длительном полете .	[6]	100.00%	
Только в результате бомбардировок 23 августа в городе погибло не менее 71 000 человек .	[2]	100.00%	
Жена вдруг приникла к нему , когда он не ждал , и он растаял .	[2]	100.00%	
Потому что , подумал он , есть минуты в жизни , когда человек не может думать о страшном и не верит в существование зла .	[6]	100.00%	
"Потому я и - копия "" Меншикова в Березове "" , что тоже в шубе , в изоляции , в избе , хоть эта изба и отличается от той прогрессом цивилизации , гордостью человечества ."	[7]	100.00%	
Наконец , я рекомендовал не сдавать вещи в раздевалку .	[2]	100.00%	
"Она заверила , что "" вопрос повышения пенсионного возраста в настоящее время в правительстве не рассматривается ни в каком виде , ни в одном проектном документе его нет "" ."	[4]	100.00%	
Каждый человек воспринимает и выражает боль очень индивидуально , да и чувствительность к боли у различных людей не одинакова .	[3]	100.00%	
Как я могу быть и там , и здесь ?	[2]	100.00%	
Таким образом , Молотилов первым в нашей стране разработал и начал использовать методику ультразвуковой транскраниальной доплерографии в медицинской практике .	[7]	100.00%	
Евгений Гонтмахер начал сразу же критически и заявил , что реформа образования не разрушила до конца то зло и традиционализм в школах и вузах , ради которых она затевалась .	[6]	100.00%	
Страдают от этого не только сами юноши и девушки , но и интересы развивающейся российской экономики , ведь она остро нуждается в высококвалифицированных кадрах .	[5]	100.00%	
Возросла доля тех , кто готов рисковать ради того , чтобы много работать и прилично зарабатывать , - с 28 % в 1994 году до 34 % в 2008-м .	[4]	100.00%	
Информационная служба центра будет предоставлять бесплатные консультации по всем аспектам жизни в Великобритании и возможностям образования в этой стране .	[2]	100.00%	
Это Сталин хорошо понимал и до , и в ходе , и после войны .	[1]	100.00%	
Он означает такое поведение человечества и каждого человека в отдельности , которое способно обеспечить совместное развитие биосферы и человечества .	[6]	100.00%	
Мне кажется , в кино есть одна только фигура , которая существует как-то очень основательно и в достаточной степени независима - это Ингмар Бергман .	[6]	100.00%	
В Барнауле собирают большегрузные МАЗы в 25 , 75 и 110 тонн из белорусских запчастей - кто мешает наладить их производство в соседних регионах ?	[6]	100.00%	
Мы можем и должны консолидировать усилия всех союзных республик и других национально - государственных образований в деле перестройки межнациональных отношений в рамках советской федерации , на гуманной демократической основе .	[7]	100.00%	
"Они очень "" разборчивы "" , за счет чего и регулируют количество и ассортимент поступающих в живую клетку веществ ."	[3]	99.99%	
Двое так и сказали - не умею я считать .	[1]	100.00%	
Затем описания и изображения следует воспроизвести в больших количествах .	[3]	100.00%	
Это ни в коей мере не указывало на его ( не вижу , мол , достойного собеседника ) заносчивость , потому что Ф. находил возможность разговаривать и с другими .	[4]	100.00%	
Можете дальнейшее не записывать , - обратился он к секретарю , хотя тот и так ничего не записывал , и продолжал говорить арестанту : - В какой-нибудь из греческих книг ты прочел об этом ?	[6]	100.00%	
Наш ВВП в 2004 году все еще не достиг уровня 1990 года ( хотя экономика шестой год подряд , начиная с 1999-го , развивается весьма высокими темпами , приращивая 6,7 % в год ) .	[7]	100.00%	
Мы исправно выгребали из всех щелей банки , пустые бутылки , строительный и бытовой хлам , распихивали эту красоту по мешкам и грузили в специально заказанные в Иркутске грузовики .	[3]	100.00%	
Потом - _ _ _ в Африке и Европе .	[1]	100.00%	
"В итоге с каждым днем в России плодятся "" академики "" , не имеющие не только ученой степени и высшего образования , но и элементарных познаний в профильных областях ."	[6]	100.00%	
Что может быть объективнее и безусловнее Бога для верующих ?	[1]	100.00%	
Реальная комфортность и безопасность жизни в бывших соцстранах ниже , и по принятому отношению к ценности человеческой жизни эти страны отстают от других обследованных .	[6]	100.00%	
Питер был европейский город ; когда в блокаду все его привилегии рухнули , стало ясно , что куда лучше было бы переносить блокаду в старые времена , а еще лучше - _ в пещерные .	[5]	100.00%	
Процесс дальнейшего превращения в колеса происходит в несколько этапов .	[3]	100.00%	
"Что же касается дальнейшей судьбы министра , то заместитель директора Центра политических технологий Дмитрий Орлов считает , что Михаил Касьянов не будет действовать в этой ситуации , "" как в случае с Наздратенко "" ."	[7]	100.00%	
Формально они есть и сейчас , но ввести их можно только после долгого обсуждения , и словами , как правило , все и заканчивается .	[4]	100.00%	
Наряду с обновлением экономической , социальной и духовной сфер жизни общества , выборы - и своей неординарностью , и невиданным размахом политической активности масс - органично дополняют весь облик перестройки , двигают ее вперед .	[6]	100.00%	
Татьяна лежала на боку , лицом в стену , и не замечала , что подушка становилась мокрой от слез .	[2]	100.00%	
Так бы и погибла , если бы не маленький комарик и его маленький фонарик …	[2]	100.00%	
Самая большая подлость заключалась в том , что делалось это втихую , и многие евреи , особенно из провинции , просто не верили , что такое возможно в самой справедливой в мире советской стране .	[5]	100.00%	
"Он был социал-демократом и оставался до какой-то степени в плену социалистических доктрин в области наказания : объяснял причины преступлений условиями среды и создал в городе Дармштадт недалеко от Франкфурта "" тюрьму открытого типа "" ."	[7]	100.00%	
Вот на этой грани - между принятыми нормами и закономерными тенденциями - и балансируем .	[4]	100.00%	
"Однако успех "" третьей колонны "" был бы возможен лишь при условии , если бы она была последовательно оппозиционной и , демонстрируя свое отличие от КПРФ и националистов , не конфликтовала бы с компартией ."	[5]	100.00%	
Необходимо объяснять людям , что власть , лишающая свой народ права через институт выборов влиять на собственную жизнь и на жизнь страны в целом , автоматически оказывается вне закона .	[7]	100.00%	
Страдания , героизм и тяжелые потери не остались бесплодными .	[2]	100.00%	
И связан он с тем , что разорваны все отношения между Россией и Европой , НАТО и Соединенными Штатами .	[3]	100.00%	
То есть мы уже не насекомые или грибы , не мухи , не комары и не червячки , которые публикуют свои стихи в заводских многотиражках или в районных газетах .	[4]	100.00%	
Дело в том , что Земля и Марс образовались в одно и то же время - около 4,6 миллиарда лет тому назад - из протопланетного облака подле молодого Солнца .	[5]	100.00%	
К тому же крахмал при переваривании быстро превращается в глюкозу , которая поступает в кровь и вызывает выброс инсулина .	[2]	100.00%	
Потому что хорошее должно быть и в виде приятного .	[1]	100.00%	
Мы просто понимали , в какой ситуации мы оказались и ради чего закон написан .	[3]	100.00%	
Однако позже выяснилось , что старение начинается не с седины и болей в суставах , а задолго до этого .	[4]	100.00%	
Поездки в Сестриер на соревнования по горным лыжам или в Сан-Сикарио на биатлон воспринимались как путешествие в другую страну .	[3]	100.00%	
По мнению государственного обвинителя , Струганов может быть доставлен в Москву в течение недели .	[3]	100.00%	
Его светочувствительная полупроводниковая матрица фиксирует прошедшие через точную оптику лучи света , данные уходят на Землю , обрабатываются компьютерами - и вот результат : подгнившие бревна и подтекающая крыша стали килобайтами на жестких дисках .	[7]	100.00%	
За последний год нагрузка и на фонд , и на сотрудников агентства серьезно возросла .	[1]	100.00%	
Может быть , даже - не только в ней .	[2]	100.00%	
Аккуратно вскрытый конверт и письмо лежали на краю стола .	[1]	100.00%	
Теперь это легкое дыхание снова рассеялось в мире , в этом облачном небе , в этом холодном весеннем ветре .	[5]	100.00%	
Книжки свои подарил всем , кто не смог от них отказаться , и теперь , на досуге , мог просто читать стихи Басё , Иссы и Бусона , не открывая при этом никаких гештальтов .	[5]	100.00%	
Там его отлично подготовили к жизни : и не пил , и не курил , и учился старательно , и спортом увлекся ( велосипед , лыжи , коньки ) .	[3]	100.00%	
Печатать стихи на машинке - это вам не писать их от руки в тетрадку .	[3]	100.00%	
Да и дается она далеко не каждому , сколько ни учись и ни плати .	[3]	100.00%	
"Программа и ее разработчик , молодой новозеландец Стивен Ригелус , были отмечены в этом году на "" Оскаре "" - благодаря этой работе батальные сцены в кино изменились радикально ."	[6]	100.00%	
Проблемы в классно - урочной системе возникают не только у слабых учеников , не успевающих за общим темпом , но и у сильных , естественное любопытство которых угасает от слишком медленного и скучного преподавания .	[6]	100.00%	
"Мама оставалась на "" елагинской "" службе и зимой ."	[4]	100.00%	
Наличие в конструкции двух стволов позволяет оперативно реагировать на изменение ситуации и быстро производить перенацеливание или использование различных по назначению зарядов на разных дистанциях .	[6]	100.00%	
Поворот к новой городской политике и к новой городской модели был неизбежен и начался уже на излете яковлевской эпохи .	[4]	100.00%	
"Десятая торжественная церемония вручения премии кинокритики и кинопрессы "" Золотой овен "" состоялась в воскресенье в Центре российского кино ."	[3]	100.00%	
Она встала с колен и его подняла за собой .	[2]	100.00%	
О нем очень мало информации в прессе и интернете , его , в отличие от горных лыж и сноуборда , нельзя испытать на себе .	[5]	100.00%	
Японское консульство оказалось осаждено толпами евреев , поляков и латышей , и в этот момент СССР потребовал , чтобы все иностранные дипломаты покинули Литву .	[6]	100.00%	
Ученые установили , что эта разница в поведении сопровождается и разницей в активности FOXP2 .	[6]	100.00%	
Причем безотносительно к масштабам и доле рынка самих поставщиков и невзирая на то , что их деятельность чаще всего не ограничивается одним муниципальным районом .	[6]	100.00%	
Некоторые ушлые авторы кладут бумагу и карандаш рядом с кроватью в ожидании , как им кажется , сна , в котором будет некое просветление .	[7]	100.00%	
Выпивши , он сел за руль ( раньше он никогда этого не делал ) и попал в автомобильную аварию .	[3]	100.00%	
И когда в 1942 году Манделю пришлось вместе с женой и ребенком бежать из Венгрии , Костельянос , ставший к тому моменту генконсулом Сальвадора в Женеве , принял его на должность первого секретаря консульства .	[5]	100.00%	
Затем в течение 15 лет он медленно увеличивал квоту , пока не достигал планки - 1000 кусков в год .	[4]	100.00%	
В специализированных магазинах для моделистов можно приобрести и католический костел , и африканского верблюда , и даже фигурки мужчин и женщин в момент любви .	[7]	100.00%	
В лагерях , расположенных в районе Воропоново и Гумрака , из 3500 военнопленных остались в живых только 20 человек .	[4]	100.00%	
Глядя на то , как этаж за этажом подрастал этот монстр , я уже не сомневался в его происхождении .	[4]	100.00%	
Один человек с тяжелыми ожогами и травмами был доставлен в реанимацию , где скончался .	[2]	100.00%	
Мне , правда , и в голову не приходило , что их можно купить .	[3]	100.00%	
Так могло быть и в нашем случае , когда двор наполнен тысячей разгневанных мужчин .	[3]	100.00%	
Еще хуже с тренерами в Федерации лыжных гонок , которой уже пять лет руководит Владимир Логинов , друг Леонида Тягачева по работе в ОКР , до этого не имевший никакого отношения к лыжным гонкам .	[7]	100.00%	
Легенды гласят , что и все это правительство набирал Бурбулис , ему же присваивают лавры инициатора Беловежских соглашений о распаде СССР и даже считают главным творцом восхождения Ельцина на пост № 1 в России .	[7]	100.00%	
"Убедившись , что съемная реверсивная рукоятка на месте и повернута в положение "" вперед "" , ставим ручку контроллера в нулевое положение - это посередине , между "" ходом "" и "" тормозом "" ."	[7]	100.00%	
Потом есть правовое и другие управления администрации президента , где тоже сидят люди , которые реально беспокоятся о том , чтобы реакция и обскурантизм , по крайней мере в экономических решениях , не прошли .	[6]	100.00%	
Английские войска вторгаются в Ирак и свергают правительство Али-Гайлани .	[1]	100.00%	
В частности , в бюллетене рекомендуется немедленно эвакуировать людей от источника угрозы , ни в коем случае не пользоваться сотовыми телефонами и пейджерами поблизости .	[4]	100.00%	
Предмет очевиден : лояльность и поддержка в обмен на повышение финансирования и стабильность положения .	[3]	100.00%	
Новая идеология утешения проста и бесплодна : мы наследники истории столь славной , что и делать ничего не надо .	[5]	100.00%	
Добавлю , что сегодня производительность труда нефтяников - в 10 раз _ , а _ в сельском хозяйстве - в 10 - 13 раз ниже , чем в США .	[5]	100.00%	
Словом , еще в 2013 году рост инвестиций в России остановился , а в прошлом упал на 70 % .	[2]	100.00%	
Минэкономразвития это касается самым прямым образом : и министра , и ведомства в целом .	[5]	100.00%	
Я вытряхнул грибы из рубашки и надел ее на себя , безнадежно замаранную , приятно и остро пахучую от свинушек , и двинулся дальше .	[3]	100.00%	
Как установили социологи ВШЭ , производительность труда в современной России остается примерно на уровне СССР середины 1980-х годов , чуть превосходя ее ( в основном в частном секторе ) .	[4]	100.00%	
Несмотря на определенные правовые пробелы , в частности с до сих пор нерегламентированным процессом уничтожения контрафактной продукции , все же российское законодательство в сфере защиты прав интеллектуальной собственности в целом соответствует нормам международного права .	[7]	100.00%	
Если сеть поставок и коммуникаций служит организационной структурой и для компании , предлагающей компьютеры , и для компании , предлагающей футболки , - значит , специфичность современной экономики заключается отнюдь не в наукоемкости производства .	[6]	100.00%	
То самое повышение цен на углеводороды , которое переполнило Россию деньгами , внесло свой вклад в подорожание цен на продукты во всем мире и теперь ударило по российским гражданам .	[4]	100.00%	
Идея возможных столкновений планет и ПЧД далеко не нова .	[6]	100.00%	
Правила турнира могут предусматривать начало партии в один день , и продолжение ( доигрывание ) в один из последующих .	[4]	99.99%	
Неожиданно резким движением струйка метнулась в сторону и скрылась .	[1]	100.00%	
Итальянская полиция и карабинеры приведены в состояние повышенной готовности .	[2]	100.00%	
"Врете , подлецы : он и мал и мерзок - не так , как вы , - иначе "" ."	[7]	100.00%	
Странный посетитель после недолгого разговора удалился и больше в кабинете археолога уже не появлялся .	[2]	100.00%	
Как это происходило , он не помнил , сохранилось только одно воспоминание : он на берегу , почти голый - и сознание покинуло его .	[7]	100.00%	
Впрочем , в сформулированных на заседании правительства экономических ориентирах на 2020 год Николаев не видит ничего нереалистичного , в частности , что касается повышения производительности труда и доходов населения в заявленных в концепции рамках .	[6]	100.00%	
Я купался в ее быстрой и довольно теплой воде , я плавал в ней , и это было прекрасно , как полет во сне .	[2]	100.00%	
"В предыдущей статье речь шла о попытке возврата в 2000 г. , в сценарий "" Диктатура развития "" в формате бюрократической авторитарной модернизации , сопровождаемой некоторой оттепелью ( по сравнению с нынешним беспределом ) ."	[7]	100.00%	
"Небось разыскали его , завалящее такое дрянцо , в немытом стакане и обмерли от счастья - и ну толкаться , кричать "" Мое ! """	[7]	100.00%	
В-третьих , население страны поставлено в такое положение , когда ему приходится выбирать между бесчеловечностью террористов и бесчеловечностью власти - и большинство выбирает власть .	[6]	100.00%	
В 1991 - 2008 чемпионками мира ( с перерывами в 1996 - 1999 и 2004 - 2006 ) были , в основном , китаянки .	[3]	100.00%	
То есть сейчас действительно уже можно получать импульсы длительностью в сотни аттосекунд - скажем , 300 , 400 аттосекунд - ну и с помощью них изучать процессы , которые происходят тоже на этом масштабе .	[5]	100.00%	
"Да и понятия "" параолимпийский тренер "" в обыденной жизни не существует - таким тренерам негде тренировать , им не платят зарплату , нет денег на протезы и коляски ."	[7]	100.00%	
"Такое представление на длительное время затормозило развитие и эхоэнцефалографии , и УЗИ-диагностики в целом , поскольку детально "" рассмотреть "" все интересующие участки мозга через небольшое отверстие просто невозможно ."	[5]	100.00%	
В нынешней ситуации и авторы концепции , и независимые аналитики сходятся в том , что ЖКХ может приносить прибыль .	[4]	100.00%	
